{
  "BASIC_INFO": {
    "project_name": "Islamic Studies Learning Platform - MVP",
    "current_status": "Development Complete, Pending Deployment and User Validation",
    "start_date": "2025-05-14",
    "brief_description": "A web-based platform for Islamic Studies, starting with Qur’anic Studies. The MVP includes user roles (Director, Teacher, Student), dashboards, authentication, attendance tracking, memorization progress, and basic lesson/quiz management."
  },
  "TECHNICAL_SETUP": {
    "primary_tech_stack": "Backend: FastAPI (Python), Frontend: React (JavaScript) with Tailwind CSS",
    "database_configuration": "PostgreSQL",
    "authentication_method": "JWT (JSON Web Tokens) with Role-Based Access Control",
    "third_party_services": "None for MVP (Deployment on Railway/Vercel)"
  },
  "FEATURE_DOCUMENTATION": [
    {
      "Name": "User Authentication & Role Management",
      "AI_prompts": "N/A",
      "implementation_details": "User registration, login with JWT. Roles: Director, Teacher, Student. Password hashing with bcrypt. Role-based access to routes and features.",
      "current_status": "Implemented",
      "test_cases": "User registration (Student, Teacher), User login (all roles), Password hashing verification, JWT generation and validation, Role-based route protection (e.g., Director-only areas)."
    },
    {
      "Name": "Role-Based Dashboards",
      "AI_prompts": "N/A",
      "implementation_details": "Separate dashboard views for Director, Teacher, and Student. Director: View summaries. Teacher: Manage attendance, track progress. Student: View lessons, track own progress.",
      "current_status": "Implemented (basic structure with some API integration and placeholders)",
      "test_cases": "Verify correct dashboard loads per role, Display of role-specific information, Navigation within dashboards."
    },
    {
      "Name": "Attendance Tracking",
      "AI_prompts": "N/A",
      "implementation_details": "API endpoints for check-in/out. Teachers can mark attendance. Students can view their attendance. Database stores attendance records linked to enrollment and session date.",
      "current_status": "Backend API Implemented, Frontend integration started",
      "test_cases": "Record attendance (Present, Absent, Late), View student attendance, View class attendance for a date."
    },
    {
      "Name": "Memorization Progress Tracking",
      "AI_prompts": "N/A",
      "implementation_details": "API endpoints for tracking progress (Surah/Juz/Aya start/end, status, accuracy). Teachers/Students can update. Students can view their progress.",
      "current_status": "Backend API Implemented, Frontend integration started (Student dashboard shows progress)",
      "test_cases": "Record memorization progress, Update progress status, View student memorization summary."
    },
    {
      "Name": "Lesson Management (Basic CRUD)",
      "AI_prompts": "N/A",
      "implementation_details": "API endpoints for creating, reading, updating, and deleting lessons. Lessons are tied to classes. Content can be text, links, etc.",
      "current_status": "Backend API Implemented, Frontend integration pending for full CRUD",
      "test_cases": "Create new lesson, View lessons for a class, Update lesson details, Delete lesson."
    },
    {
      "Name": "Quiz Management (Basic CRUD & Attempts)",
      "AI_prompts": "N/A",
      "implementation_details": "API endpoints for creating quizzes with questions, viewing quizzes, and submitting attempts. Basic auto-grading for multiple-choice/true-false.",
      "current_status": "Backend API Implemented, Frontend integration pending for full CRUD and attempt flow",
      "test_cases": "Create quiz with questions, View quiz questions, Student attempts quiz, View quiz results (basic)."
    },
    {
      "Name": "Payment Tracking (Manual)",
      "AI_prompts": "N/A",
      "implementation_details": "API endpoints for Directors to record payments manually. Students can view their payment history.",
      "current_status": "Backend API Implemented, Frontend integration started (Director dashboard shows recent payments)",
      "test_cases": "Director records a payment, Student views payment history, Update payment status."
    }
  ],
  "API_DOCUMENTATION": [
    {
      "route": "/api/users/register",
      "method": "POST",
      "purpose": "Register a new user.",
      "required_parameters": "full_name, email, password, role (Student, Teacher)",
      "response_format": "JSON message with user_id or error."
    },
    {
      "route": "/api/users/login",
      "method": "POST",
      "purpose": "Login an existing user.",
      "required_parameters": "email, password",
      "response_format": "JSON with JWT token, user details, or error."
    },
    {
      "route": "/api/users/profile",
      "method": "GET",
      "purpose": "Get current authenticated user profile.",
      "required_parameters": "Authorization header with JWT token.",
      "response_format": "JSON with user details or error."
    },
    {
      "route": "/api/attendance/check_in_out",
      "method": "POST",
      "purpose": "Record or update attendance for a student in an enrollment.",
      "required_parameters": "enrollment_id, session_date, status. Notes and recorded_by_teacher_id are optional.",
      "response_format": "JSON message or error."
    },
    {
      "route": "/api/memorization/progress",
      "method": "POST",
      "purpose": "Record or update memorization progress for a student.",
      "required_parameters": "student_id, lesson_id, status. Other fields like surah_juz_aya_start/end, accuracy_score are optional.",
      "response_format": "JSON message with progress_id or error."
    },
    {
      "route": "/api/lessons/",
      "method": "POST",
      "purpose": "Create a new lesson for a class.",
      "required_parameters": "class_id, title. Content_type, content_value, lesson_order are optional.",
      "response_format": "JSON with new lesson details or error."
    },
    {
      "route": "/api/lessons/class/{class_id}",
      "method": "GET",
      "purpose": "Get all lessons for a specific class.",
      "required_parameters": "Authorization header. class_id in path.",
      "response_format": "JSON list of lessons or error."
    },
    {
      "route": "/api/quizzes/",
      "method": "POST",
      "purpose": "Create a new quiz for a lesson, optionally with questions.",
      "required_parameters": "lesson_id, title. Description, time_limit_minutes, questions (list) are optional.",
      "response_format": "JSON with new quiz_id or error."
    },
    {
      "route": "/api/quizzes/{quiz_id}/attempt",
      "method": "POST",
      "purpose": "Start or submit a quiz attempt.",
      "required_parameters": "Authorization header. quiz_id in path. For submission: answers (list), attempt_id (optional).",
      "response_format": "JSON with attempt details/score or error."
    },
    {
      "route": "/api/payments/",
      "method": "POST",
      "purpose": "Record a new payment (Director only).",
      "required_parameters": "student_id, amount, payment_date. Other fields optional.",
      "response_format": "JSON with new payment_id or error."
    }
    
  ],
  "DEPLOYMENT": {
    "environment_variables": "Refer to .env.example files in backend_app and frontend_app directories for required variables (SECRET_KEY, PGDATABASE details, REACT_APP_API_URL).",
    "build_steps": {
        "backend_flask": "1. Ensure all dependencies are in requirements.txt (pip freeze > requirements.txt). 2. Set environment variables. 3. Run the Flask app (e.g., using gunicorn for production: gunicorn -w 4 \"src.main:app\"). Railway typically handles this via Procfile or buildpacks.",
        "frontend_react": "1. Set REACT_APP_API_URL environment variable. 2. Run \"npm install\" or \"pnpm install\". 3. Run \"npm run build\" or \"pnpm run build\". Vercel typically handles this automatically by detecting a React project."
    },
    "deployment_process": {
        "backend": "Deploy to Railway. Connect GitHub repository. Railway will build and deploy using Python buildpacks. Configure PostgreSQL service on Railway and link environment variables.",
        "frontend": "Deploy to Vercel. Connect GitHub repository. Vercel will build and deploy the React app. Configure REACT_APP_API_URL environment variable to point to the deployed backend URL."
    }
  },
  "VERSION_CONTROL": {
    "version": "MVP 1.0.0",
    "date": "2025-05-14",
    "changes": "Initial MVP release including: User roles (Director, Teacher, Student), Authentication (JWT), Role-based dashboards (basic structure), Attendance tracking (API + basic UI), Memorization progress (API + basic UI), Lesson & Quiz management (Backend APIs, basic UI placeholders), Manual Payment tracking (API + basic UI)."
  }
}

